Class,ppm U,207Pb*/235U,207Pb*/235U ±%,206Pb*/238U,206Pb*/238U ±%,err corr,ppm 206Pb*,ppm 208Pb*,Total 207Pb/206Pb
SMMZ ,1221,3.264853832,7.299341997,0.237787035,5.717330276,0.78326653,245.7640612,60.92612532,0.099425508
SMMZ ,276,0.661931183,3.237280691,0.083256571,1.942558517,0.600058723,19.76184792,1.382143492,0.060271197
SMCZ,838,3.161556449,23.7146671,0.202664489,18.98997262,0.8007691,139.7536929,28.26103428,0.112890702
SMCZ,935,3.318280675,1.069605194,0.256253602,0.968483851,0.905459188,205.3820353,48.86646896,0.093957511
SMCZ,123,3.041986341,1.878752284,0.234254921,1.320199183,0.702699975,24.59638819,1.012556468,0.094815165
SMCZ,154,1.159637206,2.189718811,0.120805079,1.263482312,0.577006648,15.86660838,1.218012957,0.069620265
SMCZ,976,3.18938069,1.233320787,0.246965443,1.147600448,0.930496316,205.9919672,55.26757605,0.09366318
SMMZ ,242,0.89474517,2.646979413,0.104550392,1.846185762,0.697468878,21.71227332,1.898032453,0.062515497
SMCZ,1124,2.931774781,1.366039087,0.233321669,1.292211812,0.945955225,223.9407053,12.58094569,0.091020629
SMMZ ,319,1.749009109,1.968219058,0.149414474,1.649398652,0.838015792,40.10764617,0.553881304,0.08529479
RPHZR,418,0.758715668,2.312872754,0.093251777,1.712654557,0.740488016,33.48086999,10.78280431,0.058226674
RPHZR,156,0.542490723,4.841734163,0.07268683,1.259844722,0.260205265,9.752370024,2.935763464,0.058683569
RPRZC,533,0.769155717,1.991455926,0.094208126,1.586464851,0.796635682,43.18094216,12.2047552,0.059214032
RPRZC,526,0.756428161,1.741168314,0.091885699,1.246450757,0.715870342,41.46737097,11.8112335,0.059506589
RPRZC,659,0.758327475,1.493682984,0.094168189,0.984119801,0.65885453,53.35420238,18.37883146,0.058721396
RPRZC,538,0.77743869,1.801689988,0.093639554,1.275605331,0.708004895,43.25579908,11.00408091,0.05980539
Mix,574,0.755323704,1.880240479,0.093553507,1.45913905,0.776038526,46.19635375,15.59160564,0.058905382
Mix,353,0.763855296,2.584877208,0.08950467,1.618844616,0.626275248,27.05633688,6.726596933,0.058993503
RPRZC,617,0.759752556,1.500302839,0.093723723,0.990332366,0.66008831,49.703474,13.09797575,0.058621128
RPHZR,485,0.763393815,2.16406734,0.094518848,1.77239215,0.819009703,39.39908109,11.57193448,0.058577245
RPRZC,514,0.759878631,1.764861878,0.093540963,1.234146607,0.699287929,41.32374626,10.20624518,0.058711098
Mix,584,0.760269459,2.019512973,0.090922694,1.612478133,0.79844901,45.51037499,12.05382604,0.060266867
RPHZR,139,0.692570023,3.372807127,0.082047056,1.27838099,0.379025821,9.717342442,2.562700748,0.059482072
Mix,536,0.786688987,1.716273915,0.095480447,1.233092808,0.718470867,43.92637178,11.08372726,0.059564482
RPRZC,519,0.743550903,2.135072423,0.093920171,1.58457062,0.742162469,41.98220298,10.99704538,0.058260178
RPHZR,146,0.466113493,4.832254368,0.057389276,1.31013458,0.271122851,7.151937879,1.94511247,0.063196269
RPHZR,87,0.349456388,6.948505486,0.05132085,2.663202722,0.383277055,3.873276045,1.138515033,0.051671864
RPRZC,440,0.745212635,1.733509348,0.09247589,1.022652609,0.589931984,34.95449669,8.453272642,0.058912707
RPHZR,169,0.651083484,4.400065637,0.080331036,2.465026493,0.560224937,11.65411095,3.521264321,0.062826719
RPRZC,463,0.774629402,1.658724279,0.09517008,1.060150345,0.639135967,37.89729109,9.502340486,0.058815128
RPRZC,478,0.777913682,1.75080263,0.095698717,1.023776757,0.584747098,39.32709886,9.221805786,0.059632078
RPRZC,471,0.769410933,6.000277255,0.091309761,3.880289764,0.646685078,36.80715604,9.015604283,0.060882891
Mix,196,0.726491751,3.489679895,0.087345031,1.169751943,0.335203222,14.65458134,3.567867193,0.06032415
RPRZC,531,0.756843309,1.892421762,0.09528881,1.046129697,0.552799444,43.5598473,10.57100487,0.05923056
RPRZC,544,0.760925632,1.599263842,0.095583669,1.03840762,0.649303506,44.7567308,12.77681178,0.057931486
RPCZ,69,0.712637328,4.590382862,0.094075915,2.957333969,0.644245602,5.571052844,0.765041435,0.054940023
RPRZC,220,0.748373668,2.37325509,0.09265692,1.147252417,0.483408809,17.54698822,1.061365795,0.059083073
RPCZ,30,0.884683077,9.75719607,0.093710855,2.237134659,0.229280486,2.404549699,0.156508915,0.05829991
RPCZ,37,0.722355463,9.474619188,0.09049219,2.060036156,0.217426803,2.880109545,0.373490583,0.064100165
RPCZ,35,0.745762056,5.379342842,0.093627294,2.052499257,0.381552044,2.787497527,0.358294771,0.057769224
Mix,400,0.761883308,1.96704578,0.093254686,1.08440426,0.551285725,32.05781573,7.915203872,0.058160569
Mix,342,0.723551977,6.648062893,0.087245699,5.167117627,0.777236574,25.59155731,6.092483993,0.061697453
RPRZC,454,0.761529493,2.028310589,0.094187027,1.395725167,0.688122013,36.79833971,9.338654448,0.059350598
RPRZC,488,0.760566522,1.679135747,0.094535554,1.015837793,0.604976575,39.68283753,11.40334975,0.058579404
RPHZR,193,0.591359016,5.097908372,0.078177286,1.273223516,0.2497541,13.0208844,5.390809224,0.062159444
RPHZR,152,0.531890754,5.585515933,0.071803824,1.272646755,0.227847664,9.36978653,3.666120189,0.059673829
RPRZC,513,0.758327007,1.810203656,0.09227213,1.227654298,0.678185736,40.63037173,11.89307916,0.059839379
RPRZC,467,0.750868253,2.717393295,0.088371059,2.216110029,0.815527893,35.29635876,9.791293306,0.060376489
RPHZR,212,0.59697122,3.820102493,0.076598275,1.166175024,0.305273229,13.93579393,5.168101245,0.060447885
RPHZR,647,0.72049714,1.703580657,0.089850742,1.026845927,0.602757447,49.96022672,13.17004081,0.058776817
RPCZ,196,0.788835435,2.813071549,0.092055114,1.996755069,0.709813112,15.42515009,1.601422901,0.062149439
RPCZ,203,0.731226022,2.95783937,0.091540804,1.175343182,0.397365453,16.02190602,1.792022381,0.060068113
RPRZC,524,0.758881369,1.593044226,0.093701176,1.008060866,0.632789002,42.21077097,6.926354557,0.058941047
RPHZR,190,0.642257735,3.895569252,0.080092597,1.205676742,0.309499502,13.06032751,2.088824516,0.062680395
